subject_field,institution_name,ranking_position,pred_rank
AGRICULTURAL SCIENCES,NATURAL ENVIRONMENT RESEARCH COUNCIL (NERC),1105,826.2613928571434
AGRICULTURAL SCIENCES,NEW YORK UNIVERSITY,1106,826.2813452380958
AGRICULTURAL SCIENCES,UNIVERSITY OF IOANNINA,1106,825.739825396826
AGRICULTURAL SCIENCES,CHINA JILIANG UNIVERSITY,1106,825.9856984126988
AGRICULTURAL SCIENCES,ADNAN MENDERES UNIVERSITY,1109,825.3232579365082
AGRICULTURAL SCIENCES,ROYAL INSTITUTE OF TECHNOLOGY,1110,826.2813452380958
AGRICULTURAL SCIENCES,ICAR - NATIONAL RICE RESEARCH INSTITUTE,1111,825.7520317460322
AGRICULTURAL SCIENCES,FED UNIV TECHNOL AKURE,1112,825.7088253968259
AGRICULTURAL SCIENCES,UNIVERSITY OF VETERINARY MEDICINE HANNOVER,1113,825.7088253968259
AGRICULTURAL SCIENCES,INT INST TROP AGR,1114,826.129428571429
AGRICULTURAL SCIENCES,UNIVERSITY OF CALIFORNIA IRVINE,1115,826.2613928571434
AGRICULTURAL SCIENCES,GURU ANGAD DEV VETERINARY & ANIMAL SCIENCES UNIVERSITY (GADVASU),1116,825.5943055555558
AGRICULTURAL SCIENCES,HUNAN ACAD FORESTRY,1117,826.2813452380958
AGRICULTURAL SCIENCES,HARBIN UNIVERSITY OF COMMERCE,1118,825.631416666667
AGRICULTURAL SCIENCES,BIOVERSITY INTERNATIONAL,1119,825.8059365079371
AGRICULTURAL SCIENCES,BOGOR AGRICULTURAL UNIVERSITY,1120,825.3081468253971
AGRICULTURAL SCIENCES,INST FED EDUC CIENCIA & TECNOL RIO DE JANEIRO IFR,1121,825.975186507937
AGRICULTURAL SCIENCES,ALIGARH MUSLIM UNIVERSITY,1122,826.0668174603179
AGRICULTURAL SCIENCES,BEIJING UNIVERSITY OF AGRICULTURE,1123,825.7088253968259
AGRICULTURAL SCIENCES,NETHERLANDS ORGANIZATION APPLIED SCIENCE RESEARCH,1124,826.2813452380958
BIOLOGY & BIOCHEMISTRY,SANDIA NATIONAL LABORATORIES,1319,986.8709523809521
BIOLOGY & BIOCHEMISTRY,UNIVERSITY OF SASSARI,1320,986.8737222222221
BIOLOGY & BIOCHEMISTRY,NARA INSTITUTE OF SCIENCE & TECHNOLOGY,1321,987.04373015873
BIOLOGY & BIOCHEMISTRY,GUANGDONG ACADEMY OF MEDICAL SCIENCES & GUANGDONG GENERAL HOSPITAL,1322,987.0207857142857
BIOLOGY & BIOCHEMISTRY,"INSTITUTE OF OCEANOLOGY, CAS",1323,987.1321746031743
BIOLOGY & BIOCHEMISTRY,DEUTSCHES ELEKTRONEN-SYNCHROTRON (DESY),1324,986.9920634920632
BIOLOGY & BIOCHEMISTRY,POLYTECHNIC UNIVERSITY OF MILAN,1325,987.1321746031743
BIOLOGY & BIOCHEMISTRY,ZUNYI MEDICAL UNIVERSITY,1326,987.23023015873
BIOLOGY & BIOCHEMISTRY,"INSTITUTE OF COMPUTING TECHNOLOGY, CAS",1327,986.7501111111109
BIOLOGY & BIOCHEMISTRY,UNIVERSITY OF WROCLAW,1328,987.14523015873
BIOLOGY & BIOCHEMISTRY,UNIVERSITY OF MARYLAND BALTIMORE COUNTY,1329,986.8709523809521
BIOLOGY & BIOCHEMISTRY,INTERNATIONAL CENTER FOR GENETIC ENGINEERING & BIOTECHNOLOGY (ICGEB),1330,987.16523015873
BIOLOGY & BIOCHEMISTRY,UNIVERSITY OF PUNJAB,1331,987.2934523809523
BIOLOGY & BIOCHEMISTRY,FUNDACIO INSTITUT D'INVESTIGACIO EN CIENCIES DE LA SALUT GERMANS TRIAS I PUJOL (IGTP),1332,986.9920634920632
BIOLOGY & BIOCHEMISTRY,BAQIYATALLAH UNIVERSITY OF MEDICAL SCIENCES (BMSU),1333,986.9920634920632
BIOLOGY & BIOCHEMISTRY,"KUNMING INSTITUTE OF ZOOLOGY, CAS",1334,986.8076111111109
BIOLOGY & BIOCHEMISTRY,ULSTER UNIVERSITY,1335,986.8333333333331
BIOLOGY & BIOCHEMISTRY,NORTHERN ARIZONA UNIVERSITY,1336,986.8076111111109
BIOLOGY & BIOCHEMISTRY,UNIVERSITY OF COLORADO DENVER,1337,986.8709523809521
BIOLOGY & BIOCHEMISTRY,UNIVERSITY OF WYOMING,1338,986.7501111111109
CHEMISTRY,INSTITUTE OF LOW TEMPERATURE & STRUCTURE RESEARCH,1712,1281.6425198412694
CHEMISTRY,CHOSUN UNIVERSITY,1714,1281.6425198412694
CHEMISTRY,OLD DOMINION UNIVERSITY,1715,1281.6103928571429
CHEMISTRY,EXXON MOBIL CORPORATION,1716,1281.8577976190475
CHEMISTRY,BAYER AG,1716,1281.5537261904763
CHEMISTRY,INTERNATIONAL SCHOOL FOR ADVANCED STUDIES (SISSA),1718,1281.9109642857143
CHEMISTRY,ARAK UNIVERSITY,1718,1281.967630952381
CHEMISTRY,ONDOKUZ MAYIS UNIVERSITY,1720,1281.7236309523807
CHEMISTRY,INDIRA GANDHI CENTRE FOR ATOMIC RESEARCH (IGCAR),1721,1281.773353174603
CHEMISTRY,BELARUSIAN STATE UNIVERSITY,1722,1282.0144087301587
CHEMISTRY,XI'AN SHIYOU UNIVERSITY,1722,1281.8415039682538
CHEMISTRY,NINGBO UNIVERSITY OF TECHNOLOGY,1724,1281.699186507936
CHEMISTRY,GOVERNMENT COLLEGE UNIVERSITY LAHORE,1725,1281.9934087301585
CHEMISTRY,PETER THE GREAT ST. PETERSBURG POLYTECHNIC UNIVERSITY,1725,1282.1047976190475
CHEMISTRY,US FOOD & DRUG ADMINISTRATION (FDA),1727,1281.6059484126986
CHEMISTRY,JEJU NATIONAL UNIVERSITY,1728,1281.6420595238094
CHEMISTRY,ITALIAN NATIONAL AGENCY NEW TECHNICAL ENERGY & SUSTAINABLE ECONOMICS DEVELOPMENT,1729,1281.6425198412694
CHEMISTRY,MALAVIYA NATIONAL INSTITUTE OF TECHNOLOGY JAIPUR,1730,1281.6061309523807
CHEMISTRY,TU CLAUSTHAL,1731,1281.6425198412694
CHEMISTRY,ANNAMALAI UNIVERSITY,1732,1281.7377976190473
CLINICAL MEDICINE,KARLSTAD UNIVERSITY,5403,4049.9144140211656
CLINICAL MEDICINE,JAHANGIRNAGAR UNIVERSITY,5404,4049.580187830689
CLINICAL MEDICINE,CTR SCI & ENVIRONM,5405,4049.9797195767223
CLINICAL MEDICINE,UNIV MAIDUGURI,5406,4049.580187830689
CLINICAL MEDICINE,INST CARDIOL,5407,4050.0078306878327
CLINICAL MEDICINE,YANAN UNIVERSITY,5408,4049.477715608467
CLINICAL MEDICINE,VICTORIA HOSP,5409,4049.610965608467
CLINICAL MEDICINE,CANCER CENTER OF KANSAS,5410,4049.6733544973563
CLINICAL MEDICINE,EAST LANCASHIRE HOSP NHS TRUST,5411,4049.6219656084663
CLINICAL MEDICINE,UNIVERSITY OF WAIKATO,5412,4049.854080687832
CLINICAL MEDICINE,UNIVERSITY OF NAMUR,5413,4049.593326719578
CLINICAL MEDICINE,JDRF,5414,4049.7707433862447
CLINICAL MEDICINE,INSTITUTE OF PSYCHIATRY & NEUROLOGY,5415,4049.6041878306883
CLINICAL MEDICINE,"SHANGHAI INSTITUTE OF IMMUNITY AND INFECTION, CAS",5416,4049.6475211640213
CLINICAL MEDICINE,CH DE VALENCIENNES,5417,4049.589160052911
CLINICAL MEDICINE,HLTH RELATED INFORMAT DISSEMINAT YOUTH,5418,4049.996164021166
CLINICAL MEDICINE,CANTERBURY DIST HLTH BOARD,5419,4049.933497354499
CLINICAL MEDICINE,ST CLARA HOSP,5419,4049.9391640211657
CLINICAL MEDICINE,EMMES,5421,4049.9911640211662
CLINICAL MEDICINE,HATAY MUSTAFA KEMAL UNIVERSITY,5421,4049.8170806878325
COMPUTER SCIENCE,LIVERPOOL JOHN MOORES UNIVERSITY,690,514.9033184223184
COMPUTER SCIENCE,HEC MONTREAL,691,514.9033184223184
COMPUTER SCIENCE,KYUSHU UNIVERSITY,692,515.0544850889852
COMPUTER SCIENCE,FIRAT UNIVERSITY,693,514.9210962000961
COMPUTER SCIENCE,NATIONAL INSTITUTE OF TECHNOLOGY ROURKELA,694,515.0010962000963
COMPUTER SCIENCE,ISFAHAN UNIVERSITY OF TECHNOLOGY,695,514.9210962000961
COMPUTER SCIENCE,UNIVERSITY OF NEW MEXICO,696,514.9033184223184
COMPUTER SCIENCE,UNIVERSITY OF ARKANSAS FAYETTEVILLE,697,515.0328184223184
COMPUTER SCIENCE,UNIVERSITE GUSTAVE-EIFFEL,698,515.018873977874
COMPUTER SCIENCE,PUSAN NATIONAL UNIVERSITY,699,515.0462946127947
COMPUTER SCIENCE,UNIV BOURGOGNE FRANCHE-COMTE COMUE,700,515.0500406445407
COMPUTER SCIENCE,AL-BALQA APPLIED UNIVERSITY,701,515.0462946127947
COMPUTER SCIENCE,NANTES UNIVERSITE,702,514.9466517556518
COMPUTER SCIENCE,UMM AL-QURA UNIVERSITY,703,515.0075406445407
COMPUTER SCIENCE,SAMSUNG ELECTRONICS,704,515.0010962000963
COMPUTER SCIENCE,UNIVERSITY OF SHARJAH,705,515.0010962000963
COMPUTER SCIENCE,INDIAN INSTITUTE OF SCIENCE (IISC) - BANGALORE,706,515.0075406445407
COMPUTER SCIENCE,OAK RIDGE NATIONAL LABORATORY,707,515.0065406445407
COMPUTER SCIENCE,POMPEU FABRA UNIVERSITY,708,514.9466517556518
COMPUTER SCIENCE,UNIVERSITY OF CAGLIARI,709,514.9033184223184
ECONOMICS & BUSINESS,VILLANOVA UNIVERSITY,434,323.14527380952416
ECONOMICS & BUSINESS,COVENTRY UNIVERSITY,435,323.12666269841304
ECONOMICS & BUSINESS,BEIJING TECHNOLOGY & BUSINESS UNIVERSITY,436,322.745781746032
ECONOMICS & BUSINESS,RWTH AACHEN UNIVERSITY,437,322.740281746032
ECONOMICS & BUSINESS,UNIVERSITY OF KANSAS,438,323.1249960317464
ECONOMICS & BUSINESS,UNIVERSITY OF KIEL,439,323.12666269841304
ECONOMICS & BUSINESS,UNIVERSITY OF OSLO,440,323.1249960317464
ECONOMICS & BUSINESS,UNIVERSITY OF PUERTO RICO,441,322.68189285714305
ECONOMICS & BUSINESS,UNIVERSITY OF ST ANDREWS,442,322.740281746032
ECONOMICS & BUSINESS,BEIHANG UNIVERSITY,443,322.7271150793653
ECONOMICS & BUSINESS,CHINA EUROPE INTERNATIONAL BUSINESS SCHOOL,444,323.0747182539686
ECONOMICS & BUSINESS,BARCELONA SCHOOL OF ECONOMICS,445,323.13777380952416
ECONOMICS & BUSINESS,FREE UNIVERSITY OF BERLIN,446,322.7843928571431
ECONOMICS & BUSINESS,QUEENS UNIVERSITY BELFAST,447,322.9239404761907
ECONOMICS & BUSINESS,FRANKFURT SCHOOL FINANCE & MANAGEMENT,448,322.68189285714305
ECONOMICS & BUSINESS,UNIVERSITY OF NAPLES FEDERICO II,449,323.1586071428575
ECONOMICS & BUSINESS,JOHANNES KEPLER UNIVERSITY LINZ,450,323.14527380952416
ECONOMICS & BUSINESS,HELMHOLTZ ASSOCIATION,451,322.7463373015875
ECONOMICS & BUSINESS,SKEMA BUSINESS SCHOOL,452,322.9297738095241
ECONOMICS & BUSINESS,UNIVERSITY OF HAWAII SYSTEM,453,322.8733849206352
ENGINEERING,NANYANG NORMAL COLLEGE,2230,1670.0738690476196
ENGINEERING,NATIONAL INSTITUTES FOR QUANTUM SCIENCE & TECHNOLOGY,2231,1670.2194960317463
ENGINEERING,UNIVERSITY HOHENHEIM,2232,1670.1960357142862
ENGINEERING,DELTA UNIVERSITY FOR SCIENCE & TECHNOLOGY,2233,1670.0837023809531
ENGINEERING,UNIVERSITY OF COLOGNE,2234,1670.2110357142863
ENGINEERING,TAIZHOU UNIVERSITY,2234,1670.162091269842
ENGINEERING,WUHAN POLYTECHNIC UNIVERSITY,2236,1670.063440476191
ENGINEERING,TOBB EKONOMI VE TEKNOLOJI UNIVERSITY,2237,1670.2875912698416
ENGINEERING,FOUNDATION FOR RESEARCH & TECHNOLOGY - HELLAS (FORTH),2238,1670.2110357142863
ENGINEERING,GLASGOW CALEDONIAN UNIVERSITY,2239,1670.2875912698416
ENGINEERING,CSIR - NATIONAL CHEMICAL LABORATORY (NCL),2240,1670.1960357142862
ENGINEERING,ISTANBUL UNIVERSITY - CERRAHPASA,2241,1670.2194960317463
ENGINEERING,BABASAHEB BHIMRAO AMBEDKAR UNIVERSITY,2242,1670.0738690476196
ENGINEERING,SOUTHERN CROSS UNIVERSITY,2243,1670.0738690476196
ENGINEERING,POLYTECHNIC INSTITUTE OF LISBON,2244,1670.2875912698416
ENGINEERING,COVENANT UNIVERSITY,2245,1670.2110357142863
ENGINEERING,G D'ANNUNZIO UNIVERSITY OF CHIETI-PESCARA,2246,1670.2875912698416
ENGINEERING,EUROPEAN SPACE RESEARCH & TECHNOLOGY CENTRE,2246,1670.176162698413
ENGINEERING,SHIVAJI UNIVERSITY,2248,1670.0837023809531
ENGINEERING,OZYEGIN UNIVERSITY,2249,1670.3099246031752
ENVIRONMENT ECOLOGY,ARC CENTRE OF EXCELLENCE FOR CLIMATE SYSTEM SCIENCE,1653,1237.0196904761906
ENVIRONMENT ECOLOGY,LOVELY PROFESSIONAL UNIVERSITY,1654,1237.0664444444449
ENVIRONMENT ECOLOGY,ISTITUTO DI SCIENZE DELL'ATMOSFERA E DEL CLIMA (ISAC-CNR),1655,1237.0585793650796
ENVIRONMENT ECOLOGY,ZHEJIANG OCEAN UNIVERSITY,1656,1237.0881111111116
ENVIRONMENT ECOLOGY,SAN FRANCISCO STATE UNIVERSITY,1657,1237.0619444444449
ENVIRONMENT ECOLOGY,UNIVERSITY OF PETROLEUM & ENERGY STUDIES (UPES),1658,1237.1053333333339
ENVIRONMENT ECOLOGY,JILIN JIANZHU UNIVERSITY,1659,1237.0892222222228
ENVIRONMENT ECOLOGY,CADI AYYAD UNIVERSITY OF MARRAKECH,1659,1237.0881111111116
ENVIRONMENT ECOLOGY,UNIVERSITY OF NORTH TEXAS DENTON,1661,1237.0658888888893
ENVIRONMENT ECOLOGY,UNIVERSITY OF DENVER,1662,1237.0196904761906
ENVIRONMENT ECOLOGY,ROYAL MUSEUM FOR CENTRAL AFRICA,1663,1237.0196904761906
ENVIRONMENT ECOLOGY,INDIAN INSTITUTE OF TECHNOLOGY (IIT) - KANPUR,1664,1237.0375000000004
ENVIRONMENT ECOLOGY,XIANGTAN UNIVERSITY,1665,1237.0378888888895
ENVIRONMENT ECOLOGY,ANHUI UNIVERSITY OF FINANCE & ECONOMICS,1666,1237.0619444444449
ENVIRONMENT ECOLOGY,LUDONG UNIVERSITY,1667,1237.113666666667
ENVIRONMENT ECOLOGY,AMERICAN UNIVERSITY OF BEIRUT,1668,1237.0619444444449
ENVIRONMENT ECOLOGY,JIANGXI UNIVERSITY OF SCIENCE & TECHNOLOGY,1669,1237.0658888888893
ENVIRONMENT ECOLOGY,DSM ENVIRONM SERV,1670,1237.0196904761906
ENVIRONMENT ECOLOGY,WENZHOU MEDICAL UNIVERSITY,1671,1237.0658888888893
ENVIRONMENT ECOLOGY,UNIVERSITY OF PUERTO RICO MEDICAL SCIENCES CAMPUS,1672,1237.0196904761906
GEOSCIENCES,SHAANXI NORMAL UNIVERSITY,941,702.4404986772481
GEOSCIENCES,BIRKBECK UNIVERSITY LONDON,942,702.5563875661371
GEOSCIENCES,UNIVERSITE BOURGOGNE EUROPE,943,702.5833320105816
GEOSCIENCES,FINNISH GEOSPATIAL RESEARCH INSTITUTE (FGI),944,702.2301097883595
GEOSCIENCES,ZHENGZHOU UNIVERSITY,945,702.7353875661371
GEOSCIENCES,KOBE UNIVERSITY,946,702.6344986772482
GEOSCIENCES,NORTHWEST RESEARCH ASSOCIATES,947,702.4109431216926
GEOSCIENCES,UNIVERSITY OF SIENA,948,702.5563875661371
GEOSCIENCES,UNIVERSITI PUTRA MALAYSIA,949,702.3175542328039
GEOSCIENCES,COMENIUS UNIVERSITY BRATISLAVA,949,702.9148875661369
GEOSCIENCES,COMSATS UNIVERSITY ISLAMABAD (CUI),951,702.6058320105815
GEOSCIENCES,PHYSICAL RESEARCH LABORATORY - INDIA,952,702.8277208994705
GEOSCIENCES,UNIVERSITY OF NORTH DAKOTA GRAND FORKS,953,702.5902764550261
GEOSCIENCES,AGENCIA ESTATAL DE METEOROLOGIA (AEMET),954,702.450776455026
GEOSCIENCES,INSTITUTE OF SPACE & ASTRONAUTICAL SCIENCE (ISAS),955,702.450776455026
GEOSCIENCES,UNIVERSITI TEKNOLOGI PETRONAS,956,702.5068875661372
GEOSCIENCES,NANCHANG UNIVERSITY,957,702.3510542328038
GEOSCIENCES,INSTITUTE OF CHEMICAL ENGINEERING SCIENCES (ICE-HT),958,702.2301097883595
GEOSCIENCES,UNIVERSITY OF TEXAS AT SAN ANTONIO (UTSA),958,702.5272208994704
GEOSCIENCES,MINISTRY OF WATER RESOURCES,960,702.450776455026
IMMUNOLOGY,UNIVERSITY OF SOUTH CAROLINA SYSTEM,941,704.056865079365
IMMUNOLOGY,AFRICA HEALTH RESEARCH INSTITUTE,943,704.042476190476
IMMUNOLOGY,UPMC HILLMAN CANC CTR,944,703.922476190476
IMMUNOLOGY,SOUTHEAST UNIVERSITY - CHINA,945,704.1700873015872
IMMUNOLOGY,UNIVERSITE D'ANGERS,946,704.0255317460316
IMMUNOLOGY,GERMAN CTR LUNG RES DZL,947,704.056865079365
IMMUNOLOGY,TOKYO UNIVERSITY OF SCIENCE,948,703.9790873015871
IMMUNOLOGY,UNIVERSITY OF YORK - UK,949,703.9924206349206
IMMUNOLOGY,UNIVERSIDADE ESTADUAL PAULISTA,950,704.1700873015872
IMMUNOLOGY,UNIVERSITY OF LJUBLJANA,951,703.9796984126982
IMMUNOLOGY,HOSPITAL GERMANS TRIAS I PUJOL,952,704.1559206349204
IMMUNOLOGY,FRAUNHOFER GERMANY,953,703.9924206349206
IMMUNOLOGY,UNIVERSITY OF BUENOS AIRES HOSPITAL,954,704.0905317460316
IMMUNOLOGY,EUROPEAN MOLECULAR BIOLOGY LABORATORY (EMBL),955,703.8980317460317
IMMUNOLOGY,GUANGXI MEDICAL UNIVERSITY,956,704.1700873015872
IMMUNOLOGY,NAVAL MEDICAL RESEARCH CENTER (NMRC),957,704.056865079365
IMMUNOLOGY,NANKAI UNIVERSITY,958,703.9658095238093
IMMUNOLOGY,HOPITAL UNIVERSITAIRE ROBERT-DEBRE - APHP,959,703.9988095238094
IMMUNOLOGY,HOSPITAL FOCH,960,703.9696428571428
IMMUNOLOGY,MINIST EDUC,961,704.1091984126982
MATERIALS SCIENCE,UNIVERSITY OF CRETE,1265,945.9918068783074
MATERIALS SCIENCE,AALBORG UNIVERSITY,1266,945.9918068783074
MATERIALS SCIENCE,USDA FOREST PRODUCTS LABORATORY,1267,945.937084656085
MATERIALS SCIENCE,KRASNOYARSK SCIENCE CENTER OF THE SIBERIAN BRANCH OF THE RUSSIAN ACADEMY OF SCIENCES,1268,946.0015291005295
MATERIALS SCIENCE,KEIO UNIVERSITY,1269,946.0269179894184
MATERIALS SCIENCE,ACADEMY FUNDAMENTAL & INTERDISCIPLINARY SCIENCE,1270,945.9918068783074
MATERIALS SCIENCE,WAYNE STATE UNIVERSITY,1271,945.9154179894183
MATERIALS SCIENCE,CENTRO NACIONAL DE INVESTIGACIONES METALURGICAS (CENIM),1272,945.9154179894183
MATERIALS SCIENCE,CTR HIGH PRESSURE SCI & TECHNOL ADV RES,1273,945.9087513227519
MATERIALS SCIENCE,COLLABORATIVE INNOVATION CENTER FOR ADVANCED SHIP & DEEP SEA EXPLORATION,1274,945.9154179894183
MATERIALS SCIENCE,INSTITUT UNIVERSITAIRE DE FRANCE,1275,945.937084656085
MATERIALS SCIENCE,BULGARIAN ACADEMY OF SCIENCES,1276,946.2590767195773
MATERIALS SCIENCE,UNIVERSITY OF PADERBORN,1277,945.9251402116406
MATERIALS SCIENCE,XIHUA UNIVERSITY,1278,946.1527275132281
MATERIALS SCIENCE,AL JOUF UNIVERSITY,1279,946.1992275132282
MATERIALS SCIENCE,XUZHOU MEDICAL UNIVERSITY,1280,945.937084656085
MATERIALS SCIENCE,UNIVERSITY OF MADRAS,1281,946.0269179894184
MATERIALS SCIENCE,SHENYANG UNIVERSITY OF CHEMICAL TECHNOLOGY,1282,945.9941402116406
MATERIALS SCIENCE,JIANGSU UNIVERSITY OF TECHNOLOGY,1283,946.2071719576724
MATERIALS SCIENCE,VILNIUS UNIVERSITY,1284,946.1033068783073
MATHEMATICS,ROYAL INSTITUTE OF TECHNOLOGY,317,235.01277777777767
MATHEMATICS,UNIVERSITY OF ILLINOIS CHICAGO HOSPITAL,318,235.1352777777777
MATHEMATICS,UNIVERSITY OF UTAH,319,234.97883333333323
MATHEMATICS,INSTITUT UNIVERSITAIRE DE FRANCE,320,234.61722222222218
MATHEMATICS,SOUTHWESTERN UNIVERSITY OF FINANCE & ECONOMICS - CHINA,321,234.95949999999993
MATHEMATICS,INSTITUTE FOR ADVANCED STUDY - USA,322,234.66727777777774
MATHEMATICS,UNIVERSITY OF SHANGHAI FOR SCIENCE & TECHNOLOGY,323,234.94716666666656
MATHEMATICS,CHINA UNIVERSITY OF GEOSCIENCES,324,234.6739444444444
MATHEMATICS,NORMANDIE UNIV,325,235.19955555555546
MATHEMATICS,HERIOT WATT UNIVERSITY,326,234.902111111111
MATHEMATICS,UNIVERSITY OF TENNESSEE KNOXVILLE,327,234.66727777777774
MATHEMATICS,UNIVERSITY OF PARMA,328,234.58599999999996
MATHEMATICS,GOVERNMENT COLLEGE UNIVERSITY FAISALABAD,329,234.65349999999992
MATHEMATICS,UNIVERSITY OF OSLO,330,235.01277777777767
MATHEMATICS,UNIVERSITY OF AMSTERDAM,331,234.95949999999993
MATHEMATICS,UNIVERSITY OF MACAU,332,234.68627777777772
MATHEMATICS,SOBOLEV INSTITUTE OF MATHEMATICS,333,235.3138253968253
MATHEMATICS,UNIVERSITY OF JYVASKYLA,334,234.902111111111
MATHEMATICS,IOWA STATE UNIVERSITY,335,235.01277777777767
MATHEMATICS,ECOLE NORMALE SUPERIEURE (ENS),336,234.68627777777772
MICROBIOLOGY,YEUNGNAM UNIVERSITY,642,479.02173015873024
MICROBIOLOGY,UNIVERSITY OF NEBRASKA MEDICAL CENTER,643,479.1400000000001
MICROBIOLOGY,LOUISIANA STATE UNIVERSITY,644,479.17861111111125
MICROBIOLOGY,STONY BROOK UNIVERSITY,645,479.1400000000001
MICROBIOLOGY,NAGASAKI UNIVERSITY,646,479.09016666666673
MICROBIOLOGY,NORTHEASTERN UNIVERSITY,647,479.20278571428577
MICROBIOLOGY,MEMORIAL SLOAN KETTERING CANCER CENTER,648,479.02173015873024
MICROBIOLOGY,SACKLER FACULTY OF MEDICINE,649,479.2108412698413
MICROBIOLOGY,MUSEUM NATIONAL D'HISTOIRE NATURELLE (MNHN),650,479.1400000000001
MICROBIOLOGY,ROYAL NETHERLANDS INSTITUTE FOR SEA RESEARCH (NIOZ),651,479.20278571428577
MICROBIOLOGY,"UNIVERSITY OF SCIENCE & TECHNOLOGY OF CHINA, CAS",652,479.0683968253969
MICROBIOLOGY,INSTITUT PASTEUR LILLE,653,479.1316666666668
MICROBIOLOGY,INSTITUTO NACIONAL DE TECNOLOGIA AGROPECUARIA (INTA),654,479.1217777777778
MICROBIOLOGY,UNIVERSITE BOURGOGNE EUROPE,655,479.2108412698413
MICROBIOLOGY,UNIVERSITY OF MIAMI,656,479.1230555555556
MICROBIOLOGY,HUNGARIAN ACADEMY OF SCIENCES,657,479.0083968253969
MICROBIOLOGY,STOCKHOLM UNIVERSITY,658,479.2108412698413
MICROBIOLOGY,AUSTRALIAN INSTITUTE OF MARINE SCIENCE,659,479.02173015873024
MICROBIOLOGY,FLOREY INSTITUTE OF NEUROSCIENCE & MENTAL HEALTH,660,479.02173015873024
MICROBIOLOGY,THE THIRD PEOPLE'S HOSPITAL OF SHENZHEN,661,479.0083968253969
MOLECULAR BIOLOGY & GENETICS,FUJIAN AGRICULTURE & FORESTRY UNIVERSITY,935,698.9134523809523
MOLECULAR BIOLOGY & GENETICS,UNIVERSIDADE ESTADUAL PAULISTA,936,698.9134523809523
MOLECULAR BIOLOGY & GENETICS,UNIVERSITY OF TEXAS DALLAS,937,698.88744047619
MOLECULAR BIOLOGY & GENETICS,JAPAN INSTITUTE FOR HEALTH SECURITY (JIHS),938,699.0473849206345
MOLECULAR BIOLOGY & GENETICS,THERMO FISHER SCIENTIFIC,939,698.88744047619
MOLECULAR BIOLOGY & GENETICS,OTTO VON GUERICKE UNIVERSITY,940,699.0465515873012
MOLECULAR BIOLOGY & GENETICS,SOUTH CHINA AGRICULTURAL UNIVERSITY,941,698.9134523809523
MOLECULAR BIOLOGY & GENETICS,GUANGDONG ACADEMY OF MEDICAL SCIENCES & GUANGDONG GENERAL HOSPITAL,942,698.9134523809523
MOLECULAR BIOLOGY & GENETICS,UNIVERSITY OF DELAWARE,943,699.0204404761901
MOLECULAR BIOLOGY & GENETICS,UNIV CONFEDERALE LEONARD DE VINCI,944,699.0544999999998
MOLECULAR BIOLOGY & GENETICS,NORTHSHORE UNIVERSITY HEALTH SYSTEM,945,698.9831309523805
MOLECULAR BIOLOGY & GENETICS,BIOGEN,946,699.0933531746027
MOLECULAR BIOLOGY & GENETICS,UNIVERSITY OF SOUTH CHINA,947,698.9134523809523
MOLECULAR BIOLOGY & GENETICS,STENO DIABETES CENTER,948,699.0933531746027
MOLECULAR BIOLOGY & GENETICS,HUNTER MEDICAL RESEARCH INSTITUTE,949,699.0933531746027
MOLECULAR BIOLOGY & GENETICS,SIBERIAN BRANCH OF THE RUSSIAN ACADEMY OF SCIENCES,949,698.9134523809523
MOLECULAR BIOLOGY & GENETICS,WESTMEAD INSTITUTE FOR MEDICAL RESEARCH,951,698.9132738095234
MOLECULAR BIOLOGY & GENETICS,ODENSE UNIVERSITY HOSPITAL,952,699.0544999999998
MOLECULAR BIOLOGY & GENETICS,UNIVERSITAT POLITECNICA DE CATALUNYA,953,698.9497420634916
MOLECULAR BIOLOGY & GENETICS,NIH NATIONAL INSTITUTE OF ARTHRITIS & MUSCULOSKELETAL & SKIN DISEASES (NIAMS),954,698.88744047619
MULTIDISCIPLINARY,UNIVERSITE LIBRE DE BRUXELLES,173,126.43146428571423
MULTIDISCIPLINARY,UNIVERSITY OF GRONINGEN,174,126.44547222222216
MULTIDISCIPLINARY,UNIVERSITY OF CALIFORNIA IRVINE,175,127.10591666666663
MULTIDISCIPLINARY,UNIVERSITY OF PITTSBURGH,176,126.47922222222216
MULTIDISCIPLINARY,GHENT UNIVERSITY,177,126.47922222222216
MULTIDISCIPLINARY,AGENCY FOR SCIENCE TECHNOLOGY & RESEARCH (A*STAR),178,126.46958333333326
MULTIDISCIPLINARY,AUTONOMOUS UNIVERSITY OF BARCELONA,179,126.51319444444441
MULTIDISCIPLINARY,RIKEN,180,126.5075555555555
MULTIDISCIPLINARY,UNIVERSITY OF MARYLAND BALTIMORE,181,127.02418650793646
MULTIDISCIPLINARY,KING'S COLLEGE LONDON,182,126.47922222222216
MULTIDISCIPLINARY,SEOUL NATIONAL UNIVERSITY (SNU),183,126.43338888888883
MULTIDISCIPLINARY,UNIVERSITY OF WISCONSIN SYSTEM,184,126.49949999999994
MULTIDISCIPLINARY,UNIVERSITY OF BERN,185,126.44547222222216
MULTIDISCIPLINARY,LONDON SCHOOL OF HYGIENE & TROPICAL MEDICINE,186,126.45588888888882
MULTIDISCIPLINARY,"INSTITUTE OF BIOPHYSICS, CAS",187,126.43146428571423
MULTIDISCIPLINARY,UNIVERSITE DE MONTPELLIER,188,126.52399999999994
MULTIDISCIPLINARY,HOKKAIDO UNIVERSITY,189,126.51166666666661
MULTIDISCIPLINARY,FREE UNIVERSITY OF BERLIN,190,126.49949999999994
MULTIDISCIPLINARY,TEXAS A&M UNIVERSITY COLLEGE STATION,191,126.4425555555555
MULTIDISCIPLINARY,UTRECHT UNIVERSITY MEDICAL CENTER,192,126.38785317460311
NEUROSCIENCE & BEHAVIOR,UNIVERSITY OF MASSACHUSETTS AMHERST,1038,775.9636865079365
NEUROSCIENCE & BEHAVIOR,SOUTH AUSTRALIAN HEALTH & MEDICAL RESEARCH INSTITUTE (SAHMRI),1039,775.3014682539686
NEUROSCIENCE & BEHAVIOR,HAMAD BIN KHALIFA UNIVERSITY-QATAR,1040,775.0916428571431
NEUROSCIENCE & BEHAVIOR,UNIVERSITY OF CENTRAL FLORIDA,1041,775.3788571428573
NEUROSCIENCE & BEHAVIOR,UIT THE ARCTIC UNIVERSITY OF TROMSO,1041,776.0264642857143
NEUROSCIENCE & BEHAVIOR,UNIVERSITY OF OPOLE,1043,775.0816428571432
NEUROSCIENCE & BEHAVIOR,SHIRLEY RYAN ABILITYLAB,1044,775.851876984127
NEUROSCIENCE & BEHAVIOR,DALARNA UNIVERSITY,1045,775.0816428571432
NEUROSCIENCE & BEHAVIOR,BARCELONA INSTITUTE OF SCIENCE & TECHNOLOGY,1046,775.8335436507936
NEUROSCIENCE & BEHAVIOR,UNIVERSIDAD AUTONOMA DE CHILE,1047,775.3014682539686
NEUROSCIENCE & BEHAVIOR,EWHA WOMANS UNIVERSITY,1048,776.135007936508
NEUROSCIENCE & BEHAVIOR,LABORATORIO ASSOCIADO ICVS 3B'S,1049,775.3788571428573
NEUROSCIENCE & BEHAVIOR,INST NEURODEGENERAT DISORDERS,1050,775.0816428571432
NEUROSCIENCE & BEHAVIOR,SANFORD BURNHAM PREBYS MEDICAL DISCOVERY INSTITUTE,1051,775.0799523809527
NEUROSCIENCE & BEHAVIOR,JIKEI UNIVERSITY,1052,776.1424246031747
NEUROSCIENCE & BEHAVIOR,SWINBURNE UNIVERSITY OF TECHNOLOGY,1053,775.851876984127
NEUROSCIENCE & BEHAVIOR,LUIGI SACCO HOSPITAL,1054,775.6468015873016
NEUROSCIENCE & BEHAVIOR,VA GREATER LOS ANGELES HEALTHCARE SYSTEM,1055,775.7785436507935
NEUROSCIENCE & BEHAVIOR,UNIVERSITY OF BATH,1056,775.9636865079365
NEUROSCIENCE & BEHAVIOR,UNIVERSITI MALAYA,1057,776.0793452380954
PHARMACOLOGY & TOXICOLOGY,NIH NATIONAL INSTITUTE ON ALCOHOL ABUSE & ALCOHOLISM (NIAAA),1111,831.327869047619
PHARMACOLOGY & TOXICOLOGY,FRED HUTCHINSON CANCER CENTER,1112,831.1950357142857
PHARMACOLOGY & TOXICOLOGY,CHILDREN'S HOSPITAL RESEARCH INSTITUTE OF MANITOBA,1113,831.2707023809523
PHARMACOLOGY & TOXICOLOGY,ANADOLU UNIVERSITY,1114,830.9982619047616
PHARMACOLOGY & TOXICOLOGY,SHIRAZ UNIVERSITY,1115,831.1750357142857
PHARMACOLOGY & TOXICOLOGY,TULANE UNIVERSITY,1116,831.3435833333332
PHARMACOLOGY & TOXICOLOGY,CERTARA UK LTD,1117,831.1181785714284
PHARMACOLOGY & TOXICOLOGY,PRINCESS MARGARET CANCER CENTRE,1118,831.327869047619
PHARMACOLOGY & TOXICOLOGY,MIDWESTERN UNIVERSITY,1119,831.0727063492063
PHARMACOLOGY & TOXICOLOGY,INSTITUTE OF MEDICINAL BIOTECHNOLOGY - CAMS,1120,831.21075
PHARMACOLOGY & TOXICOLOGY,NIRMA UNIVERSITY,1120,831.1907499999999
PHARMACOLOGY & TOXICOLOGY,TOHO UNIVERSITY,1122,830.748595238095
PHARMACOLOGY & TOXICOLOGY,"SHENZHEN INSTITUTE OF ADVANCED TECHNOLOGY, CAS",1123,831.3435833333332
PHARMACOLOGY & TOXICOLOGY,UNIVERSIDAD DE ALCALA,1124,831.0727063492063
PHARMACOLOGY & TOXICOLOGY,UNIVERSITY OF KONSTANZ,1125,831.2707023809523
PHARMACOLOGY & TOXICOLOGY,INSTITUTE OF SCIENCE TOKYO,1125,830.8829285714286
PHARMACOLOGY & TOXICOLOGY,IRCCS FONDAZIONE SAN MATTEO,1127,831.1312499999999
PHARMACOLOGY & TOXICOLOGY,UNIVERSITY OF BRIGHTON,1128,831.1907499999999
PHARMACOLOGY & TOXICOLOGY,PICARDIE UNIV,1128,831.1907499999999
PHARMACOLOGY & TOXICOLOGY,UNITED STATES ARMY,1130,831.1907499999999
PHYSICS,HARBIN ENGINEERING UNIVERSITY,797,593.9736230158732
PHYSICS,TRINITY COLLEGE DUBLIN,798,594.6931428571429
PHYSICS,UNIVERSITY OF PUERTO RICO MAYAGUEZ,799,594.6931428571429
PHYSICS,RENSSELAER POLYTECHNIC INSTITUTE,800,594.6931428571429
PHYSICS,OSAKA METROPOLITAN UNIVERSITY,801,593.9736230158732
PHYSICS,UNIVERSIDADE DE AVEIRO,802,594.6071666666668
PHYSICS,UNIVERSITY OF ZAGREB,803,593.9809563492065
PHYSICS,ROYAL MELBOURNE INSTITUTE OF TECHNOLOGY (RMIT),804,594.7289761904763
PHYSICS,BEIJING UNIVERSITY OF TECHNOLOGY,805,593.9736230158732
PHYSICS,CAIRO UNIVERSITY,806,593.9809563492065
PHYSICS,UNIVERSIDAD NACIONAL DE COLOMBIA,807,594.0380674603177
PHYSICS,UNIV CONFEDERALE LEONARD DE VINCI,808,593.9736230158732
PHYSICS,UNIVERSIDADE FEDERAL DO RIO GRANDE DO SUL,809,593.9736230158732
PHYSICS,ULM UNIVERSITY,810,594.6931428571429
PHYSICS,DIAMOND LIGHT SOURCE,811,594.6931428571429
PHYSICS,ISTITUTO DEI SISTEMI COMPLESSI (ISC-CNR),812,594.6931428571429
PHYSICS,NORTHEASTERN UNIVERSITY - CHINA,813,593.9736230158732
PHYSICS,ALPHABET INC.,814,595.3534999999998
PHYSICS,KOREA INSTITUTE FOR ADVANCED STUDY (KIAS),815,594.0284563492065
PHYSICS,RENMIN UNIVERSITY OF CHINA,816,594.0929007936509
PLANT & ANIMAL SCIENCE,MARIA CURIE-SKLODOWSKA UNIVERSITY,1558,1168.1070476190478
PLANT & ANIMAL SCIENCE,UNIVERSITY MASSACHUSETTS DARTMOUTH,1562,1168.0761031746033
PLANT & ANIMAL SCIENCE,WORLD WILDLIFE FUND,1563,1168.1615476190477
PLANT & ANIMAL SCIENCE,CADI AYYAD UNIVERSITY OF MARRAKECH,1564,1168.039753968254
PLANT & ANIMAL SCIENCE,ECOLE NATIONALE FORMATION AGRONOMIQUE (ENSFEA),1565,1168.2062698412701
PLANT & ANIMAL SCIENCE,TRIBHUVAN UNIVERSITY,1566,1168.0627698412698
PLANT & ANIMAL SCIENCE,UNIVERSITY OF CALIFORNIA MERCED,1567,1167.9773650793654
PLANT & ANIMAL SCIENCE,UNIVERSITY OF DUISBURG ESSEN,1568,1168.064658730159
PLANT & ANIMAL SCIENCE,INSTITUTO BUTANTAN,1569,1167.8598253968255
PLANT & ANIMAL SCIENCE,NINGXIA UNIVERSITY,1570,1167.864880952381
PLANT & ANIMAL SCIENCE,MEIJI UNIVERSITY,1571,1168.0005317460318
PLANT & ANIMAL SCIENCE,TATA INSTITUTE OF FUNDAMENTAL RESEARCH (TIFR),1572,1168.064658730159
PLANT & ANIMAL SCIENCE,AKVAPLAN-NIVA,1573,1168.2133809523812
PLANT & ANIMAL SCIENCE,INSTITUTO NACIONAL DE INVESTIGACION AGROPECUARIA URUGUAY (INIA),1574,1167.9268253968257
PLANT & ANIMAL SCIENCE,ROYAL MUSEUM FOR CENTRAL AFRICA,1575,1168.1372142857144
PLANT & ANIMAL SCIENCE,CUHK SHENZHEN RESEARCH INSTITUTE,1576,1168.0287142857144
PLANT & ANIMAL SCIENCE,"THE CHINESE UNIVERSITY OF HONG KONG, SHENZHEN",1577,1168.0287142857144
PLANT & ANIMAL SCIENCE,ADNAN MENDERES UNIVERSITY,1577,1167.8253809523812
PLANT & ANIMAL SCIENCE,CHINA WEST NORMAL UNIVERSITY,1579,1167.9268253968257
PLANT & ANIMAL SCIENCE,SWISS ORNITHOLOGICAL INSTITUTE,1580,1168.0921587301589
PSYCHIATRY PSYCHOLOGY,UNIVERSITY OF RHODE ISLAND,918,685.7539761904764
PSYCHIATRY PSYCHOLOGY,QINGDAO UNIVERSITY,919,685.859392857143
PSYCHIATRY PSYCHOLOGY,ISLAMIC AZAD UNIVERSITY,920,686.2153928571431
PSYCHIATRY PSYCHOLOGY,UNIVERSITE DE CAEN NORMANDIE,921,685.4086291486291
PSYCHIATRY PSYCHOLOGY,HONG KONG BAPTIST UNIVERSITY,922,685.7539761904764
PSYCHIATRY PSYCHOLOGY,KINGSTON UNIVERSITY,923,685.4966212121213
PSYCHIATRY PSYCHOLOGY,INSTITUTE OF COGNITIVE NEUROSCIENCE & PSYCHOLOGY - HAS,924,685.5506132756132
PSYCHIATRY PSYCHOLOGY,JEWISH GENERAL HOSPITAL - MONTREAL,925,685.480787878788
PSYCHIATRY PSYCHOLOGY,UNIVERSITY CALGARY HOSPITAL,926,685.5096132756132
PSYCHIATRY PSYCHOLOGY,UNIVERSITY OF FOGGIA,927,685.4652402597402
PSYCHIATRY PSYCHOLOGY,GUANGZHOU UNIVERSITY,928,685.9122420634922
PSYCHIATRY PSYCHOLOGY,AZIENDA OSPEDALIERA SANT'ANDREA,929,685.3509624819625
PSYCHIATRY PSYCHOLOGY,MATHEMATICA,930,685.3676291486291
PSYCHIATRY PSYCHOLOGY,UNIVERSITY OF L'AQUILA,931,685.4177402597402
PSYCHIATRY PSYCHOLOGY,HOSPITAL UNIVERSITARI VALL D'HEBRON,932,685.5506132756132
PSYCHIATRY PSYCHOLOGY,UNIVERSITY GOTTINGEN HOSPITAL,933,685.4177402597402
PSYCHIATRY PSYCHOLOGY,GERIATRIC RESEARCH EDUCATION & CLINICAL CENTER,934,685.480787878788
PSYCHIATRY PSYCHOLOGY,UNIVERSITY OF BUENOS AIRES,935,686.0375595238097
PSYCHIATRY PSYCHOLOGY,MIRIAM HOSPITAL,936,685.6256111111111
PSYCHIATRY PSYCHOLOGY,GOETHE UNIVERSITY FRANKFURT HOSPITAL,937,685.5597243867243
"SOCIAL SCIENCES, GENERAL",UNIVERSIDAD ADOLFO IBANEZ,1926,1441.989600529101
"SOCIAL SCIENCES, GENERAL",ILLAWARRA HEALTH & MEDICAL RESEARCH INSTITUTE,1927,1442.2788783068784
"SOCIAL SCIENCES, GENERAL",UNIVERSITE PARIS-DAUPHINE,1928,1442.0934894179898
"SOCIAL SCIENCES, GENERAL",DEPT VET AFFAIRS,1929,1442.2866560846562
"SOCIAL SCIENCES, GENERAL",MODUL UNIV VIENNA,1930,1442.253044973545
"SOCIAL SCIENCES, GENERAL",SCH PUBL HLTH,1931,1442.2788783068784
"SOCIAL SCIENCES, GENERAL",ESCUELA ANDALUZA DE SALUD PUBLICA,1932,1442.154933862434
"SOCIAL SCIENCES, GENERAL",UNIVERSITY OF SOUTH DAKOTA,1932,1442.1807671957674
"SOCIAL SCIENCES, GENERAL",LAURENTIAN UNIVERSITY,1932,1442.0576560846564
"SOCIAL SCIENCES, GENERAL",HOFSTRA UNIVERSITY,1935,1442.0576560846564
"SOCIAL SCIENCES, GENERAL",FEDERAL RESERVE SYSTEM - USA,1936,1442.2007671957674
"SOCIAL SCIENCES, GENERAL",BC CHILDREN'S HOSPITAL,1937,1442.154933862434
"SOCIAL SCIENCES, GENERAL",OPEN UNIVERSITY ISRAEL,1937,1441.989600529101
"SOCIAL SCIENCES, GENERAL",THAMMASAT UNIVERSITY,1939,1441.989600529101
"SOCIAL SCIENCES, GENERAL",UNIVERSITY OF WINNIPEG,1939,1441.989600529101
"SOCIAL SCIENCES, GENERAL",UNIVERSITY OF THE PHILIPPINES DILIMAN,1941,1442.0232116402121
"SOCIAL SCIENCES, GENERAL",AALBORG UNIVERSITY HOSPITAL,1942,1442.154933862434
"SOCIAL SCIENCES, GENERAL",UNITED NATIONS UNIV,1943,1442.2866560846562
"SOCIAL SCIENCES, GENERAL",LEIBNIZ INSTITUT FUR WISSENSMEDIEN,1944,1442.2788783068784
"SOCIAL SCIENCES, GENERAL",NATIONAL RENEWABLE ENERGY LABORATORY - USA,1945,1442.2788783068784
SPACE SCIENCE,LOMONOSOV MOSCOW STATE UNIVERSITY,189,138.85097619047616
SPACE SCIENCE,NAGOYA UNIVERSITY,190,138.85097619047616
SPACE SCIENCE,UNIVERSITY OF HAMBURG,191,138.85264285714285
SPACE SCIENCE,COMMONWEALTH SCIENTIFIC & INDUSTRIAL RESEARCH ORGANISATION (CSIRO),192,138.84375396825396
SPACE SCIENCE,UNIVERSITY SYSTEM OF GEORGIA,193,138.85264285714285
SPACE SCIENCE,UNIVERSITY OF MASSACHUSETTS SYSTEM,194,138.91825396825396
SPACE SCIENCE,UNITED STATES DEPARTMENT OF DEFENSE,195,138.84375396825396
SPACE SCIENCE,"PURPLE MOUNTAIN OBSERVATORY, CAS",196,138.85097619047616
SPACE SCIENCE,UNIV BRETAGNE LOIRE,197,138.86786507936506
SPACE SCIENCE,INTER-UNIVERSITY CENTRE FOR ASTRONOMY & ASTROPHYSICS,198,138.84153174603173
SPACE SCIENCE,UNIVERSITY OF LIEGE,199,138.85264285714285
SPACE SCIENCE,KYOTO UNIVERSITY,200,138.85097619047616
SPACE SCIENCE,UNIVERSITY OF TURIN,201,138.87836507936507
SPACE SCIENCE,UNIVERSITY OF THE WESTERN CAPE,202,138.8498095238095
SPACE SCIENCE,UNIVERSIDADE DE LISBOA,203,138.8498095238095
SPACE SCIENCE,UNIVERSIDAD DE CANTABRIA,204,138.86786507936506
SPACE SCIENCE,UTAH SYSTEM OF HIGHER EDUCATION,205,138.91475396825396
SPACE SCIENCE,SPACE RESEARCH INSTITUTE OF THE RUSSIAN ACADEMY OF SCIENCES,206,138.84375396825396
SPACE SCIENCE,INSTITUT POLYTECHNIQUE DE PARIS,207,138.8625873015873
SPACE SCIENCE,UPPSALA UNIVERSITY,208,138.8498095238095
